"HeliumDepth [nm]","Capacitance.C(V,V) [farad]"
40,2.27306222257971e-16
60,2.27319604238744e-16
80,2.2734942928246e-16
100,2.27365078288491e-16
